-- phpMyAdmin SQL Dump
-- version 5.0.3
-- https://www.phpmyadmin.net/
--
-- Host: 127.0.0.1
-- Generation Time: Apr 28, 2021 at 09:46 AM
-- Server version: 10.4.14-MariaDB
-- PHP Version: 7.2.34

SET SQL_MODE = "NO_AUTO_VALUE_ON_ZERO";
START TRANSACTION;
SET time_zone = "+00:00";


/*!40101 SET @OLD_CHARACTER_SET_CLIENT=@@CHARACTER_SET_CLIENT */;
/*!40101 SET @OLD_CHARACTER_SET_RESULTS=@@CHARACTER_SET_RESULTS */;
/*!40101 SET @OLD_COLLATION_CONNECTION=@@COLLATION_CONNECTION */;
/*!40101 SET NAMES utf8mb4 */;

--
-- Database: `mmbot`
--

-- --------------------------------------------------------

--
-- Table structure for table `defeans`
--

CREATE TABLE `defeans` (
  `id` int(11) NOT NULL,
  `user_id` varchar(20) NOT NULL,
  `defean_time` varchar(255) NOT NULL,
  `defean_reason` varchar(255) NOT NULL,
  `defean_date` varchar(255) NOT NULL,
  `guild_id` varchar(20) NOT NULL
) ENGINE=InnoDB DEFAULT CHARSET=utf8mb4;

-- --------------------------------------------------------

--
-- Table structure for table `giveaways`
--

CREATE TABLE `giveaways` (
  `id` int(11) NOT NULL,
  `guild_id` varchar(20) NOT NULL,
  `creator` varchar(20) NOT NULL,
  `channel_id` varchar(20) NOT NULL,
  `message_id` varchar(20) NOT NULL,
  `prize` varchar(255) NOT NULL,
  `expiration` bigint(255) NOT NULL
) ENGINE=InnoDB DEFAULT CHARSET=utf8mb4;

-- --------------------------------------------------------

--
-- Table structure for table `guilds_settings`
--

CREATE TABLE `guilds_settings` (
  `guild_id` varchar(20) NOT NULL,
  `anti_ban` int(11) NOT NULL DEFAULT 0,
  `anti_kick` int(11) NOT NULL DEFAULT 0,
  `anti_roledelete` int(11) NOT NULL DEFAULT 0,
  `anti_mention` int(11) NOT NULL DEFAULT 0,
  `anti_channelcreate` int(11) NOT NULL DEFAULT 0,
  `anti_channeldelete` int(11) NOT NULL DEFAULT 0,
  `anti_roleupdate` int(11) NOT NULL DEFAULT 0,
  `spam_default_mute_minutes` int(11) NOT NULL DEFAULT 5,
  `anti_spam` int(11) NOT NULL DEFAULT 0,
  `anti_invitelink` int(11) NOT NULL DEFAULT 0,
  `anti_roleadd` int(11) NOT NULL DEFAULT 0,
  `server_stats` varchar(20) NOT NULL DEFAULT '0',
  `role_counter` varchar(20) NOT NULL DEFAULT '0',
  `welcome_channel` varchar(20) NOT NULL DEFAULT '0',
  `ytb_announce_channel` varchar(20) NOT NULL DEFAULT '0',
  `birthday_announce_channel` varchar(20) NOT NULL DEFAULT '0',
  `auto_role` varchar(20) NOT NULL DEFAULT '0',
  `total_members_joined` int(11) NOT NULL DEFAULT 0,
  `total_members_left` int(11) NOT NULL DEFAULT 0
) ENGINE=InnoDB DEFAULT CHARSET=utf8mb4;

--
-- Dumping data for table `guilds_settings`
--

INSERT INTO `guilds_settings` (`guild_id`, `anti_ban`, `anti_kick`, `anti_roledelete`, `anti_mention`, `anti_channelcreate`, `anti_channeldelete`, `anti_roleupdate`, `spam_default_mute_minutes`, `anti_spam`, `anti_invitelink`, `anti_roleadd`, `server_stats`, `role_counter`, `welcome_channel`, `ytb_announce_channel`, `birthday_announce_channel`, `auto_role`, `total_members_joined`, `total_members_left`) VALUES
('294908759220944897', 0, 0, 0, 0, 0, 0, 0, 5, 0, 0, 0, '0', '0', '0', '0', '0', '0', 1, 0),
('808048667008696360', 1, 1, 1, 1, 1, 1, 1, 60, 1, 1, 1, '0', '0', '832134327080583240', '832134327080583240', '832134327080583240', '808049528258428968', 3, 4);

-- --------------------------------------------------------

--
-- Table structure for table `guild_youtube_announces`
--

CREATE TABLE `guild_youtube_announces` (
  `id` int(11) NOT NULL,
  `guild_id` varchar(20) NOT NULL,
  `youtube_channel_id` varchar(50) NOT NULL
) ENGINE=InnoDB DEFAULT CHARSET=utf8mb4;

--
-- Dumping data for table `guild_youtube_announces`
--

INSERT INTO `guild_youtube_announces` (`id`, `guild_id`, `youtube_channel_id`) VALUES
(2, '808048667008696360', 'UCh4qNJKnADHh7FE2c08MaKw'),
(4, '808048667008696360', 'UCne8U2B8W1ZFy39aYkq2XAw'),
(5, '808048667008696360', 'zthelink'),
(6, '808048667008696360', 'UCWHjSN85KHL_ubbCSHsoWDw'),
(7, '808048667008696360', 'UCO4_lU1yRZjYQyUbW5oK8YA');

-- --------------------------------------------------------

--
-- Table structure for table `guild_youtube_video_links`
--

CREATE TABLE `guild_youtube_video_links` (
  `id` int(11) NOT NULL,
  `guild_id` varchar(20) NOT NULL,
  `video_id` varchar(30) NOT NULL
) ENGINE=InnoDB DEFAULT CHARSET=utf8mb4;

--
-- Dumping data for table `guild_youtube_video_links`
--

INSERT INTO `guild_youtube_video_links` (`id`, `guild_id`, `video_id`) VALUES
(1, '808048667008696360', 'K7SWGmhDD0A'),
(2, '808048667008696360', 'qZdO96a08tU'),
(3, '808048667008696360', 'g-o05a7zn-w'),
(4, '808048667008696360', 'PJUIcdimFPU'),
(6, '808048667008696360', 'x0DtHK0euMA'),
(7, '808048667008696360', 'xbwREmYdJe8'),
(8, '808048667008696360', 'Q2cQKAVoX6s');

-- --------------------------------------------------------

--
-- Table structure for table `invite_links`
--

CREATE TABLE `invite_links` (
  `ID` int(11) NOT NULL,
  `invite_link` varchar(255) NOT NULL,
  `joined` bigint(255) NOT NULL,
  `leaved` bigint(255) NOT NULL
) ENGINE=InnoDB DEFAULT CHARSET=utf8mb4;

--
-- Dumping data for table `invite_links`
--

INSERT INTO `invite_links` (`ID`, `invite_link`, `joined`, `leaved`) VALUES
(1, 'kSSKu7S4', 2, 3),
(2, 'v79jeXna65', 1, 0),
(3, 'T379GJhC', 1, 0),
(4, 'GnKxYCEKSX', 1, 0),
(5, '32mERcBT', 1, 0),
(6, 'KtAfWYnV', 1, 0),
(7, 'Ks88wCzc', 6, 31),
(8, 'QVy3pmnZ', 0, 1),
(9, 'qzhMvU2DEt', 1, 0),
(10, 'SGKAysSKak', 2, 0),
(11, 'jWSty9km', 1, 0),
(12, 'NXyYbjjE', 2, 0),
(13, '58FfZww6', 1, 0),
(14, 'DTZQum2e', 1, 0);

-- --------------------------------------------------------

--
-- Table structure for table `mutes`
--

CREATE TABLE `mutes` (
  `id` int(11) NOT NULL,
  `user_id` varchar(20) NOT NULL,
  `mute_time` bigint(255) NOT NULL,
  `mute_date` varchar(255) NOT NULL,
  `mute_reason` varchar(255) NOT NULL,
  `mute_guild` varchar(20) NOT NULL,
  `last_rank_id` varchar(20) NOT NULL
) ENGINE=InnoDB DEFAULT CHARSET=utf8mb4;

-- --------------------------------------------------------

--
-- Table structure for table `role_counter`
--

CREATE TABLE `role_counter` (
  `id` int(11) NOT NULL,
  `guild_id` varchar(20) NOT NULL,
  `role_id` varchar(20) NOT NULL
) ENGINE=InnoDB DEFAULT CHARSET=utf8mb4;

-- --------------------------------------------------------

--
-- Table structure for table `self_roles`
--

CREATE TABLE `self_roles` (
  `id` int(11) NOT NULL,
  `guild_id` varchar(20) NOT NULL,
  `channel_id` varchar(20) NOT NULL,
  `message_id` varchar(20) NOT NULL,
  `role_id` varchar(20) NOT NULL
) ENGINE=InnoDB DEFAULT CHARSET=utf8mb4;

-- --------------------------------------------------------

--
-- Table structure for table `settings`
--

CREATE TABLE `settings` (
  `last_ssh_login_ip` varchar(15) NOT NULL DEFAULT '0'
) ENGINE=InnoDB DEFAULT CHARSET=utf8mb4;

--
-- Dumping data for table `settings`
--

INSERT INTO `settings` (`last_ssh_login_ip`) VALUES
('0');

-- --------------------------------------------------------

--
-- Table structure for table `users`
--

CREATE TABLE `users` (
  `id` int(11) NOT NULL,
  `user_id` varchar(20) NOT NULL,
  `coins` int(11) NOT NULL DEFAULT 0,
  `coins_in_bank` int(11) NOT NULL DEFAULT 0,
  `daily` int(11) NOT NULL DEFAULT 0,
  `birthday_day` int(11) NOT NULL DEFAULT 0,
  `birthday_month` int(11) NOT NULL DEFAULT 0,
  `birthday_year` int(11) NOT NULL DEFAULT 0,
  `birthday_announced` int(11) NOT NULL DEFAULT 0
) ENGINE=InnoDB DEFAULT CHARSET=utf8mb4;

--
-- Dumping data for table `users`
--

INSERT INTO `users` (`id`, `user_id`, `coins`, `coins_in_bank`, `daily`, `birthday_day`, `birthday_month`, `birthday_year`, `birthday_announced`) VALUES
(1, '812286797844447262', 0, 0, 0, 0, 0, 0, 0),
(2, '817396308377468949', 0, 0, 0, 0, 0, 0, 0),
(3, '808617039949594625', 0, 0, 0, 0, 0, 0, 0),
(4, '479020100847140864', 0, 0, 0, 0, 0, 0, 0),
(5, '243001825475690497', 0, 0, 0, 0, 0, 0, 0),
(6, '512297230426963968', 0, 0, 0, 0, 0, 0, 0),
(7, '550281168910549002', 0, 0, 0, 0, 0, 0, 0),
(8, '767346096933830698', 0, 0, 0, 0, 0, 0, 0),
(9, '800849857270513715', 0, 0, 0, 0, 0, 0, 0),
(10, '773943930000506931', 0, 0, 0, 0, 0, 0, 0),
(11, '824679281069654076', 0, 0, 0, 0, 0, 0, 0),
(12, '694690044828713030', 0, 0, 0, 0, 0, 0, 0),
(13, '274197510397100032', 0, 0, 0, 0, 0, 0, 0),
(14, '490925418166091777', 0, 0, 0, 0, 0, 0, 0),
(15, '458276816071950337', 0, 0, 0, 0, 0, 0, 0),
(16, '734731178610786316', 0, 0, 0, 0, 0, 0, 0),
(17, '521679710162386944', 0, 0, 0, 0, 0, 0, 0),
(18, '548776725681799170', 0, 0, 0, 0, 0, 0, 0),
(19, '824672364150128669', 0, 0, 0, 0, 0, 0, 0),
(20, '758211812176691200', 0, 0, 0, 0, 0, 0, 0),
(21, '578201214332960779', 0, 0, 0, 0, 0, 0, 0),
(22, '527927850662363137', 0, 0, 0, 0, 0, 0, 0),
(23, '816269623112106074', 0, 0, 0, 0, 0, 0, 0),
(24, '322444197896388608', 0, 0, 0, 0, 0, 0, 0),
(25, '285348874170793984', 0, 0, 0, 0, 0, 0, 0),
(26, '671399449192562748', 0, 0, 0, 0, 0, 0, 0),
(27, '725271899281686649', 0, 0, 0, 0, 0, 0, 0),
(28, '534120773569478686', 0, 0, 0, 0, 0, 0, 0),
(29, '824670365174333492', 0, 0, 0, 0, 0, 0, 0),
(30, '724960509040001048', 0, 0, 0, 0, 0, 0, 0),
(31, '824666627236823090', 0, 0, 0, 0, 0, 0, 0),
(32, '349178235210301440', 0, 0, 0, 0, 0, 0, 0),
(33, '702051872709541940', 0, 0, 0, 0, 0, 0, 0),
(34, '695385698609397830', 0, 0, 0, 0, 0, 0, 0),
(35, '825015576766054421', 0, 0, 0, 0, 0, 0, 0),
(36, '794992561336745984', 0, 0, 0, 0, 0, 0, 0),
(37, '324815961397919745', 0, 0, 0, 0, 0, 0, 0),
(38, '234395307759108106', 0, 0, 0, 0, 0, 0, 0),
(39, '813877665953873981', 0, 0, 0, 0, 0, 0, 0),
(40, '611927187813171212', 0, 0, 0, 0, 0, 0, 0),
(41, '799584528703160320', 0, 0, 0, 0, 0, 0, 0),
(42, '758751998538547293', 0, 0, 0, 0, 0, 0, 0),
(43, '556104782134116354', 0, 0, 0, 0, 0, 0, 0),
(44, '516672739105439744', 0, 0, 0, 0, 0, 0, 0),
(45, '694623664561455126', 0, 0, 0, 0, 0, 0, 0),
(46, '824674285623705622', 0, 0, 0, 0, 0, 0, 0),
(47, '771421498749616149', 0, 0, 0, 0, 0, 0, 0),
(48, '794382932700561430', 0, 0, 0, 0, 0, 0, 0),
(49, '525677469798367232', 0, 0, 0, 0, 0, 0, 0),
(50, '834006800893739018', 0, 0, 0, 0, 0, 0, 0),
(51, '251768796656828416', 0, 0, 0, 0, 0, 0, 0),
(52, '818368281337135126', 0, 0, 0, 0, 0, 0, 0),
(53, '277765693041016832', 0, 0, 0, 0, 0, 0, 0),
(54, '476295815749697538', 0, 0, 0, 0, 0, 0, 0),
(55, '703173745195614329', 0, 0, 0, 0, 0, 0, 0),
(56, '202056555556765697', 0, 0, 0, 0, 0, 0, 0),
(57, '568368394319953931', 0, 0, 0, 0, 0, 0, 0),
(58, '585138602472898560', 0, 0, 0, 0, 0, 0, 0),
(59, '285423283116048385', 0, 0, 0, 0, 0, 0, 0),
(60, '735377747668500561', 0, 0, 0, 0, 0, 0, 0),
(61, '736865626655686666', 0, 0, 0, 0, 0, 0, 0),
(62, '329685549176848386', 0, 0, 0, 0, 0, 0, 0),
(63, '784219270614614017', 0, 0, 0, 0, 0, 0, 0),
(64, '787967981153943562', 0, 0, 0, 0, 0, 0, 0),
(65, '814058915112681503', 0, 0, 0, 0, 0, 0, 0),
(66, '813479147250122765', 0, 0, 0, 0, 0, 0, 0),
(67, '814116429376913429', 0, 0, 0, 0, 0, 0, 0),
(68, '263708712214986752', 0, 0, 0, 0, 0, 0, 0),
(69, '818368114520621077', 0, 0, 0, 0, 0, 0, 0),
(70, '365844044057673738', 0, 0, 0, 0, 0, 0, 0),
(71, '824680111210889228', 0, 0, 0, 0, 0, 0, 0),
(72, '823941734316376064', 0, 0, 0, 0, 0, 0, 0),
(73, '159985870458322944', 0, 0, 0, 0, 0, 0, 0),
(74, '823949872638066729', 0, 0, 0, 0, 0, 0, 0),
(75, '627483616217268225', 0, 0, 0, 0, 0, 0, 0),
(76, '767085143264591912', 0, 0, 0, 0, 0, 0, 0),
(77, '824366130075664464', 0, 0, 0, 0, 0, 0, 0),
(78, '750269381266636951', 0, 0, 0, 0, 0, 0, 0),
(79, '581901522795888681', 0, 0, 0, 0, 0, 0, 0),
(80, '510448696408670229', 0, 0, 0, 0, 0, 0, 0),
(81, '811349207586701373', 0, 0, 0, 0, 0, 0, 0),
(82, '824651954567118879', 0, 0, 0, 0, 0, 0, 0),
(83, '611564824190779402', 0, 0, 0, 0, 0, 0, 0),
(84, '554291179252875274', 0, 0, 0, 0, 0, 0, 0),
(85, '824645696287408148', 0, 0, 0, 0, 0, 0, 0),
(86, '825014232843026452', 0, 0, 0, 0, 0, 0, 0),
(87, '648209665326317568', 0, 0, 0, 0, 0, 0, 0),
(88, '397393136520921089', 0, 0, 0, 0, 0, 0, 0),
(89, '315581441968832514', 0, 0, 0, 0, 0, 0, 0),
(90, '546269890777055243', 0, 0, 0, 0, 0, 0, 0),
(91, '799338829576273961', 0, 0, 0, 0, 0, 0, 0),
(92, '251996547749773322', 0, 0, 0, 0, 0, 0, 0),
(93, '824671592947908619', 0, 0, 0, 0, 0, 0, 0),
(94, '416358583220043796', 0, 0, 0, 0, 0, 0, 0),
(95, '409781064202977280', 0, 0, 0, 0, 0, 0, 0),
(96, '824643224349573120', 0, 0, 0, 0, 0, 0, 0),
(97, '478924778841833485', 0, 0, 0, 0, 0, 0, 0),
(98, '716967712844414996', 0, 0, 0, 0, 0, 0, 0),
(99, '824660548934828033', 0, 0, 0, 0, 0, 0, 0),
(100, '278288022296985600', 0, 0, 0, 0, 0, 0, 0),
(101, '676066039502602302', 0, 0, 0, 0, 0, 0, 0),
(102, '530807975774912554', 0, 0, 0, 0, 0, 0, 0),
(103, '785578286239580231', 0, 0, 0, 0, 0, 0, 0),
(104, '334979056095199233', 0, 0, 1619643357, 25, 4, 2004, 0),
(105, '347633388712099841', 0, 0, 0, 0, 0, 0, 0),
(106, '429377019952889858', 0, 0, 0, 0, 0, 0, 0),
(107, '535692985803866126', 0, 0, 0, 0, 0, 0, 0),
(108, '308564025153814528', 0, 0, 0, 0, 0, 0, 0),
(109, '460766788628774932', 0, 0, 0, 0, 0, 0, 0),
(110, '382504424947318795', 0, 0, 0, 0, 0, 0, 0),
(111, '818733693891117058', 0, 0, 0, 0, 0, 0, 0),
(112, '694672415204311132', 0, 0, 0, 0, 0, 0, 0),
(113, '820033498667548723', 0, 0, 0, 0, 0, 0, 0),
(114, '155149108183695360', 0, 0, 0, 0, 0, 0, 0),
(115, '356065937318871041', 0, 0, 0, 0, 0, 0, 0),
(116, '790923489799569408', 0, 0, 0, 0, 0, 0, 0),
(117, '824669384190197800', 0, 0, 0, 0, 0, 0, 0),
(118, '172002275412279296', 0, 0, 0, 0, 0, 0, 0),
(119, '490239695398371372', 0, 0, 0, 0, 0, 0, 0),
(120, '235148962103951360', 0, 0, 0, 0, 0, 0, 0),
(121, '777274690522710056', 0, 0, 0, 0, 0, 0, 0),
(122, '757612536819613757', 0, 0, 0, 0, 0, 0, 0),
(123, '743950776539283557', 0, 0, 0, 0, 0, 0, 0),
(124, '825016457883811882', 0, 0, 0, 0, 0, 0, 0),
(125, '674573917888970754', 0, 0, 0, 0, 0, 0, 0),
(126, '456887967554863104', 0, 0, 0, 0, 0, 0, 0),
(127, '594495010775367690', 0, 0, 0, 0, 0, 0, 0),
(128, '824677102455750677', 0, 0, 0, 0, 0, 0, 0),
(129, '818012170750001184', 0, 0, 0, 0, 0, 0, 0),
(130, '808647953056006194', 0, 0, 0, 0, 0, 0, 0),
(131, '619207160483545118', 0, 0, 0, 0, 0, 0, 0),
(132, '818138080132726815', 0, 0, 0, 0, 0, 0, 0),
(133, '822778084570693633', 0, 0, 0, 0, 0, 0, 0),
(134, '687607280342007858', 0, 0, 0, 0, 0, 0, 0),
(135, '807561776220209172', 0, 0, 0, 0, 0, 0, 0),
(136, '282859044593598464', 0, 0, 0, 0, 0, 0, 0),
(137, '762717606313459742', 0, 0, 0, 0, 0, 0, 0),
(138, '309333602129281027', 0, 0, 0, 0, 0, 0, 0),
(139, '751692036809424997', 0, 0, 0, 0, 0, 0, 0),
(140, '669608484366450698', 0, 0, 0, 0, 0, 0, 0),
(141, '824672958038409246', 0, 0, 0, 0, 0, 0, 0),
(142, '818581222405177375', 0, 0, 0, 0, 0, 0, 0),
(143, '824681527946117141', 0, 0, 0, 0, 0, 0, 0),
(144, '771431206150995968', 0, 0, 0, 0, 0, 0, 0),
(145, '766054482059853835', 0, 0, 0, 0, 0, 0, 0),
(146, '664397239644585984', 0, 0, 0, 0, 0, 0, 0),
(147, '177439498265690112', 0, 0, 0, 0, 0, 0, 0),
(148, '824668508125790249', 0, 0, 0, 0, 0, 0, 0),
(149, '820343178506535012', 0, 0, 0, 0, 0, 0, 0),
(150, '822243809651851264', 0, 0, 0, 0, 0, 0, 0),
(151, '506554775647682574', 0, 0, 0, 0, 0, 0, 0),
(152, '285480424904327179', 0, 0, 0, 0, 0, 0, 0),
(153, '807693076423245824', 0, 0, 0, 0, 0, 0, 0),
(154, '824653780813086791', 0, 0, 0, 0, 0, 0, 0),
(155, '733967110769999954', 0, 0, 0, 0, 0, 0, 0),
(156, '730350799175286796', 0, 0, 0, 0, 0, 0, 0),
(157, '381095111154728961', 0, 0, 0, 0, 0, 0, 0),
(158, '824649402790445069', 0, 0, 0, 0, 0, 0, 0),
(159, '483729356728958986', 0, 0, 0, 0, 0, 0, 0),
(160, '425346592904577025', 0, 0, 0, 0, 0, 0, 0),
(161, '502711131002109963', 0, 0, 0, 0, 0, 0, 0),
(162, '789618505573597194', 0, 0, 0, 0, 0, 0, 0),
(163, '346316131813818379', 0, 0, 0, 0, 0, 0, 0),
(164, '800581362905120778', 0, 0, 0, 0, 0, 0, 0),
(165, '764067643032338442', 0, 0, 0, 0, 0, 0, 0),
(166, '311919561953771521', 0, 0, 0, 0, 0, 0, 0),
(167, '780347148755664937', 0, 0, 0, 0, 0, 0, 0),
(168, '827290380641894470', 0, 0, 0, 0, 0, 0, 0),
(169, '235088799074484224', 0, 0, 0, 0, 0, 0, 0),
(170, '824643926254288957', 0, 0, 0, 0, 0, 0, 0),
(171, '565260795399634997', 0, 0, 0, 0, 0, 0, 0),
(172, '626491177570664458', 0, 0, 0, 0, 0, 0, 0),
(173, '824655551849562154', 0, 0, 0, 0, 0, 0, 0),
(174, '758747226486341683', 0, 0, 0, 0, 0, 0, 0),
(175, '218808258205450240', 0, 0, 0, 27, 4, 2006, 1619640807),
(176, '250365647979020288', 0, 0, 0, 0, 0, 0, 0),
(177, '782680826617004053', 0, 0, 0, 0, 0, 0, 0),
(178, '792892289751318559', 0, 0, 0, 0, 0, 0, 0),
(179, '614367701283897354', 0, 0, 0, 0, 0, 0, 0),
(180, '762734565843402782', 0, 0, 0, 0, 0, 0, 0),
(181, '307220069572935681', 0, 0, 0, 0, 0, 0, 0),
(182, '272637106197757952', 0, 0, 0, 0, 0, 0, 0),
(183, '266681973538422784', 0, 0, 0, 0, 0, 0, 0),
(184, '812384904385790002', 0, 0, 0, 0, 0, 0, 0),
(185, '668791874588377120', 0, 0, 0, 0, 0, 0, 0),
(186, '440789044419362826', 0, 0, 0, 0, 0, 0, 0),
(187, '824661219184082944', 0, 0, 0, 0, 0, 0, 0),
(188, '541207238560186378', 0, 0, 0, 0, 0, 0, 0),
(189, '746683120056533074', 0, 0, 0, 0, 0, 0, 0),
(190, '819938836490223698', 0, 0, 0, 0, 0, 0, 0),
(191, '824646455200972801', 0, 0, 0, 0, 0, 0, 0),
(192, '665876670414323724', 0, 0, 0, 0, 0, 0, 0),
(193, '821363803232796683', 0, 0, 0, 0, 0, 0, 0),
(194, '359500133831802902', 0, 0, 0, 0, 0, 0, 0),
(195, '824665653905457182', 0, 0, 0, 0, 0, 0, 0),
(196, '269467577388892160', 0, 0, 0, 0, 0, 0, 0),
(197, '651095740390834176', 0, 0, 0, 0, 0, 0, 0),
(198, '825012426574528512', 0, 0, 0, 0, 0, 0, 0),
(199, '617695811387523119', 0, 0, 0, 0, 0, 0, 0),
(200, '339719989869281280', 0, 0, 0, 0, 0, 0, 0),
(201, '470172890885521409', 0, 0, 0, 0, 0, 0, 0),
(202, '735185611643682826', 0, 0, 0, 0, 0, 0, 0),
(203, '262942196284522496', 0, 0, 0, 0, 0, 0, 0),
(204, '285017220474732546', 0, 0, 0, 0, 0, 0, 0),
(205, '410172675047161856', 0, 0, 0, 0, 0, 0, 0),
(206, '429609867850809344', 0, 0, 0, 0, 0, 0, 0),
(207, '589131119589457930', 0, 0, 0, 0, 0, 0, 0),
(208, '597522169488080896', 0, 0, 0, 0, 0, 0, 0),
(209, '618876366611283968', 0, 0, 0, 0, 0, 0, 0),
(210, '667725050715308033', 0, 0, 0, 0, 0, 0, 0),
(211, '695656027911225406', 0, 0, 0, 0, 0, 0, 0),
(212, '695967487833014286', 0, 0, 0, 0, 0, 0, 0),
(213, '727175672266489906', 0, 0, 0, 0, 0, 0, 0),
(214, '767446517912830022', 0, 0, 0, 0, 0, 0, 0),
(215, '772697401605488640', 0, 0, 0, 0, 0, 0, 0),
(216, '775247107510501406', 0, 0, 0, 0, 0, 0, 0),
(217, '788379868609904640', 0, 0, 0, 0, 0, 0, 0),
(218, '801013970944262164', 0, 0, 0, 0, 0, 0, 0),
(219, '809098795098308638', 0, 0, 0, 0, 0, 0, 0),
(220, '833008081989271582', 0, 0, 0, 0, 0, 0, 0),
(221, '836279158602596412', 0, 0, 0, 0, 0, 0, 0),
(222, '302050872383242240', 0, 0, 0, 0, 0, 0, 0),
(223, '701495163784134707', 0, 0, 0, 0, 0, 0, 0),
(224, '836702204387000371', 0, 0, 0, 0, 0, 0, 0);

-- --------------------------------------------------------

--
-- Table structure for table `users_data`
--

CREATE TABLE `users_data` (
  `id` int(11) NOT NULL,
  `guild_id` varchar(20) NOT NULL,
  `user_id` varchar(20) NOT NULL,
  `total_invites` int(11) NOT NULL DEFAULT 0,
  `invited_by` varchar(20) NOT NULL DEFAULT '0',
  `success_invites` int(11) NOT NULL DEFAULT 0,
  `total_voice_seconds` int(11) NOT NULL DEFAULT 0,
  `total_message_send` int(11) NOT NULL DEFAULT 0,
  `xp` int(11) NOT NULL DEFAULT 0,
  `level` int(11) NOT NULL DEFAULT 0,
  `warns` int(11) NOT NULL DEFAULT 0
) ENGINE=InnoDB DEFAULT CHARSET=utf8mb4;

--
-- Dumping data for table `users_data`
--

INSERT INTO `users_data` (`id`, `guild_id`, `user_id`, `total_invites`, `invited_by`, `success_invites`, `total_voice_seconds`, `total_message_send`, `xp`, `level`, `warns`) VALUES
(38, '808048667008696360', '334979056095199233', 1, '0', 1, 981, 881, 205, 3, 1),
(39, '808048667008696360', '285017220474732546', 0, '334979056095199233', 0, 0, 0, 0, 0, 0),
(40, '294908759220944897', '817396308377468949', 0, '0', 0, 0, 0, 0, 0, 0),
(41, '294908759220944897', '808617039949594625', 0, '0', 0, 0, 0, 0, 0, 0),
(42, '294908759220944897', '479020100847140864', 0, '0', 0, 0, 0, 0, 0, 0),
(43, '294908759220944897', '243001825475690497', 0, '0', 0, 0, 0, 0, 0, 0),
(44, '294908759220944897', '512297230426963968', 0, '0', 0, 0, 0, 0, 0, 0),
(45, '294908759220944897', '550281168910549002', 0, '0', 0, 0, 0, 0, 0, 0),
(46, '294908759220944897', '767346096933830698', 0, '0', 0, 0, 0, 0, 0, 0),
(47, '294908759220944897', '800849857270513715', 0, '0', 0, 0, 0, 0, 0, 0),
(48, '294908759220944897', '773943930000506931', 0, '0', 0, 0, 0, 0, 0, 0),
(49, '294908759220944897', '824679281069654076', 0, '0', 0, 0, 0, 0, 0, 0),
(50, '294908759220944897', '694690044828713030', 0, '0', 0, 0, 0, 0, 0, 0),
(52, '294908759220944897', '490925418166091777', 0, '0', 0, 0, 0, 0, 0, 0),
(54, '294908759220944897', '734731178610786316', 0, '0', 0, 0, 0, 0, 0, 0),
(55, '294908759220944897', '521679710162386944', 0, '0', 0, 0, 0, 0, 0, 0),
(56, '294908759220944897', '548776725681799170', 0, '0', 0, 0, 0, 0, 0, 0),
(57, '294908759220944897', '824672364150128669', 0, '0', 0, 0, 0, 0, 0, 0),
(58, '294908759220944897', '758211812176691200', 0, '0', 0, 0, 0, 0, 0, 0),
(59, '294908759220944897', '578201214332960779', 0, '0', 0, 0, 0, 0, 0, 0),
(60, '294908759220944897', '527927850662363137', 0, '0', 0, 0, 0, 0, 0, 0),
(61, '294908759220944897', '647048797574266910', 0, '0', 0, 0, 0, 0, 0, 0),
(62, '294908759220944897', '816269623112106074', 0, '0', 0, 0, 0, 0, 0, 0),
(63, '294908759220944897', '322444197896388608', 0, '0', 0, 0, 0, 0, 0, 0),
(64, '294908759220944897', '285348874170793984', 0, '0', 0, 0, 0, 0, 0, 0),
(65, '294908759220944897', '671399449192562748', 0, '0', 0, 0, 0, 0, 0, 0),
(66, '294908759220944897', '725271899281686649', 0, '0', 0, 0, 0, 0, 0, 0),
(67, '294908759220944897', '534120773569478686', 0, '0', 0, 0, 0, 0, 0, 0),
(68, '294908759220944897', '824670365174333492', 0, '0', 0, 0, 0, 0, 0, 0),
(69, '294908759220944897', '724960509040001048', 0, '0', 0, 0, 0, 0, 0, 0),
(70, '294908759220944897', '824666627236823090', 0, '0', 0, 0, 0, 0, 0, 0),
(71, '294908759220944897', '349178235210301440', 0, '0', 0, 0, 0, 0, 0, 0),
(72, '294908759220944897', '702051872709541940', 0, '0', 0, 0, 0, 0, 0, 0),
(73, '294908759220944897', '695385698609397830', 0, '0', 0, 0, 0, 0, 0, 0),
(74, '294908759220944897', '825015576766054421', 0, '0', 0, 0, 0, 0, 0, 0),
(75, '294908759220944897', '794992561336745984', 0, '0', 0, 0, 0, 0, 0, 0),
(76, '294908759220944897', '324815961397919745', 0, '0', 0, 0, 0, 0, 0, 0),
(78, '294908759220944897', '813877665953873981', 0, '0', 0, 0, 0, 0, 0, 0),
(79, '294908759220944897', '611927187813171212', 0, '0', 0, 0, 0, 0, 0, 0),
(80, '294908759220944897', '799584528703160320', 0, '0', 0, 0, 0, 0, 0, 0),
(81, '294908759220944897', '758751998538547293', 0, '0', 0, 0, 0, 0, 0, 0),
(82, '294908759220944897', '556104782134116354', 0, '0', 0, 0, 0, 0, 0, 0),
(83, '294908759220944897', '516672739105439744', 0, '0', 0, 0, 0, 0, 0, 0),
(84, '294908759220944897', '694623664561455126', 0, '0', 0, 0, 0, 0, 0, 0),
(85, '294908759220944897', '824674285623705622', 0, '0', 0, 0, 0, 0, 0, 0),
(86, '294908759220944897', '771421498749616149', 0, '0', 0, 0, 0, 0, 0, 0),
(87, '294908759220944897', '794382932700561430', 0, '0', 0, 0, 0, 0, 0, 0),
(88, '294908759220944897', '525677469798367232', 0, '0', 0, 0, 0, 0, 0, 0),
(89, '294908759220944897', '834006800893739018', 0, '0', 0, 0, 0, 0, 0, 0),
(90, '294908759220944897', '251768796656828416', 0, '0', 0, 0, 0, 0, 0, 0),
(91, '294908759220944897', '818368281337135126', 0, '0', 0, 0, 0, 0, 0, 0),
(92, '294908759220944897', '277765693041016832', 0, '0', 0, 0, 0, 0, 0, 0),
(93, '294908759220944897', '476295815749697538', 0, '0', 0, 0, 0, 0, 0, 0),
(94, '294908759220944897', '703173745195614329', 0, '0', 0, 0, 0, 0, 0, 0),
(95, '294908759220944897', '202056555556765697', 0, '0', 0, 0, 0, 0, 0, 0),
(96, '294908759220944897', '568368394319953931', 0, '0', 0, 0, 0, 0, 0, 0),
(97, '294908759220944897', '285423283116048385', 0, '0', 0, 0, 0, 0, 0, 0),
(98, '294908759220944897', '735377747668500561', 0, '0', 0, 0, 0, 0, 0, 0),
(99, '294908759220944897', '736865626655686666', 0, '0', 0, 0, 0, 0, 0, 0),
(100, '294908759220944897', '329685549176848386', 0, '0', 0, 0, 0, 0, 0, 0),
(101, '294908759220944897', '784219270614614017', 0, '0', 0, 0, 0, 0, 0, 0),
(102, '294908759220944897', '787967981153943562', 0, '0', 0, 0, 0, 0, 0, 0),
(103, '294908759220944897', '814058915112681503', 0, '0', 0, 0, 0, 0, 0, 0),
(104, '294908759220944897', '813479147250122765', 0, '0', 0, 0, 0, 0, 0, 0),
(105, '294908759220944897', '814116429376913429', 0, '0', 0, 0, 0, 0, 0, 0),
(106, '294908759220944897', '263708712214986752', 0, '0', 0, 0, 0, 0, 0, 0),
(107, '294908759220944897', '818368114520621077', 0, '0', 0, 0, 0, 0, 0, 0),
(108, '294908759220944897', '365844044057673738', 0, '0', 0, 0, 0, 0, 0, 0),
(109, '294908759220944897', '824680111210889228', 0, '0', 0, 0, 0, 0, 0, 0),
(110, '294908759220944897', '823941734316376064', 0, '0', 0, 0, 0, 0, 0, 0),
(112, '294908759220944897', '823949872638066729', 0, '0', 0, 0, 0, 0, 0, 0),
(113, '294908759220944897', '627483616217268225', 0, '0', 0, 0, 0, 0, 0, 0),
(114, '294908759220944897', '767085143264591912', 0, '0', 0, 0, 0, 0, 0, 0),
(115, '294908759220944897', '824366130075664464', 0, '0', 0, 0, 0, 0, 0, 0),
(116, '294908759220944897', '750269381266636951', 0, '0', 0, 0, 0, 0, 0, 0),
(117, '294908759220944897', '581901522795888681', 0, '0', 0, 0, 0, 0, 0, 0),
(118, '294908759220944897', '510448696408670229', 0, '0', 0, 0, 0, 0, 0, 0),
(119, '294908759220944897', '811349207586701373', 0, '0', 0, 0, 0, 0, 0, 0),
(120, '294908759220944897', '824651954567118879', 0, '0', 0, 0, 0, 0, 0, 0),
(121, '294908759220944897', '611564824190779402', 0, '0', 0, 0, 0, 0, 0, 0),
(122, '294908759220944897', '554291179252875274', 0, '0', 0, 0, 0, 0, 0, 0),
(123, '294908759220944897', '824645696287408148', 0, '0', 0, 0, 0, 0, 0, 0),
(124, '294908759220944897', '825014232843026452', 0, '0', 0, 0, 0, 0, 0, 0),
(125, '294908759220944897', '648209665326317568', 0, '0', 0, 0, 0, 0, 0, 0),
(126, '294908759220944897', '397393136520921089', 0, '0', 0, 0, 0, 0, 0, 0),
(127, '294908759220944897', '315581441968832514', 0, '0', 0, 0, 0, 0, 0, 0),
(128, '294908759220944897', '546269890777055243', 0, '0', 0, 0, 0, 0, 0, 0),
(129, '294908759220944897', '799338829576273961', 0, '0', 0, 0, 0, 0, 0, 0),
(130, '294908759220944897', '251996547749773322', 0, '0', 0, 0, 0, 0, 0, 0),
(131, '294908759220944897', '824671592947908619', 0, '0', 0, 0, 0, 0, 0, 0),
(133, '294908759220944897', '409781064202977280', 0, '0', 0, 0, 0, 0, 0, 0),
(134, '294908759220944897', '824643224349573120', 0, '0', 0, 0, 0, 0, 0, 0),
(135, '294908759220944897', '642391598143111168', 0, '0', 0, 0, 0, 0, 0, 0),
(136, '294908759220944897', '478924778841833485', 0, '0', 0, 0, 0, 0, 0, 0),
(138, '294908759220944897', '824660548934828033', 0, '0', 0, 0, 0, 0, 0, 0),
(139, '294908759220944897', '278288022296985600', 0, '0', 0, 0, 0, 0, 0, 0),
(140, '294908759220944897', '676066039502602302', 0, '0', 0, 0, 0, 0, 0, 0),
(141, '294908759220944897', '530807975774912554', 0, '0', 0, 0, 0, 0, 0, 0),
(142, '294908759220944897', '785578286239580231', 0, '0', 0, 0, 0, 0, 0, 0),
(143, '294908759220944897', '608627968733872141', 0, '0', 0, 0, 0, 0, 0, 0),
(144, '294908759220944897', '334979056095199233', 0, '0', 1, 8, 0, 0, 0, 0),
(145, '294908759220944897', '347633388712099841', 0, '0', 0, 0, 0, 0, 0, 0),
(146, '294908759220944897', '429377019952889858', 0, '0', 0, 0, 0, 0, 0, 0),
(147, '294908759220944897', '535692985803866126', 0, '0', 0, 0, 0, 0, 0, 0),
(148, '294908759220944897', '308564025153814528', 0, '0', 0, 0, 0, 0, 0, 0),
(149, '294908759220944897', '460766788628774932', 0, '0', 0, 0, 0, 0, 0, 0),
(150, '294908759220944897', '382504424947318795', 0, '0', 0, 0, 0, 0, 0, 0),
(151, '294908759220944897', '818733693891117058', 0, '0', 0, 0, 0, 0, 0, 0),
(152, '294908759220944897', '694672415204311132', 0, '0', 0, 0, 0, 0, 0, 0),
(154, '294908759220944897', '749246203103019019', 0, '0', 0, 0, 0, 0, 0, 0),
(157, '294908759220944897', '790923489799569408', 0, '0', 0, 0, 0, 0, 0, 0),
(158, '294908759220944897', '824669384190197800', 0, '0', 0, 0, 0, 0, 0, 0),
(160, '294908759220944897', '483953425810456577', 0, '0', 0, 0, 0, 0, 0, 0),
(161, '294908759220944897', '490239695398371372', 0, '0', 0, 0, 0, 0, 0, 0),
(163, '294908759220944897', '777274690522710056', 0, '0', 0, 0, 0, 0, 0, 0),
(164, '294908759220944897', '757612536819613757', 0, '0', 0, 0, 0, 0, 0, 0),
(165, '294908759220944897', '743950776539283557', 0, '0', 0, 0, 0, 0, 0, 0),
(166, '294908759220944897', '825016457883811882', 0, '0', 0, 0, 0, 0, 0, 0),
(167, '294908759220944897', '674573917888970754', 0, '0', 0, 0, 0, 0, 0, 0),
(168, '294908759220944897', '456887967554863104', 0, '0', 0, 0, 0, 0, 0, 0),
(169, '294908759220944897', '594495010775367690', 0, '0', 0, 0, 0, 0, 0, 0),
(170, '294908759220944897', '824677102455750677', 0, '0', 0, 0, 0, 0, 0, 0),
(171, '294908759220944897', '818012170750001184', 0, '0', 0, 0, 0, 0, 0, 0),
(173, '294908759220944897', '619207160483545118', 0, '0', 0, 0, 0, 0, 0, 0),
(174, '294908759220944897', '818138080132726815', 0, '0', 0, 0, 0, 0, 0, 0),
(175, '294908759220944897', '822778084570693633', 0, '0', 0, 0, 0, 0, 0, 0),
(176, '294908759220944897', '687607280342007858', 0, '0', 0, 0, 0, 0, 0, 0),
(177, '294908759220944897', '807561776220209172', 0, '0', 0, 0, 0, 0, 0, 0),
(179, '294908759220944897', '762717606313459742', 0, '0', 0, 0, 0, 0, 0, 0),
(180, '294908759220944897', '309333602129281027', 0, '0', 0, 0, 0, 0, 0, 0),
(181, '294908759220944897', '751692036809424997', 0, '0', 0, 0, 0, 0, 0, 0),
(182, '294908759220944897', '669608484366450698', 0, '0', 0, 0, 0, 0, 0, 0),
(183, '294908759220944897', '824672958038409246', 0, '0', 0, 0, 0, 0, 0, 0),
(184, '294908759220944897', '818581222405177375', 0, '0', 0, 0, 0, 0, 0, 0),
(185, '294908759220944897', '824681527946117141', 0, '0', 0, 0, 0, 0, 0, 0),
(186, '294908759220944897', '771431206150995968', 0, '0', 0, 0, 0, 0, 0, 0),
(187, '294908759220944897', '766054482059853835', 0, '0', 0, 0, 0, 0, 0, 0),
(188, '294908759220944897', '664397239644585984', 0, '0', 0, 0, 0, 0, 0, 0),
(189, '294908759220944897', '177439498265690112', 0, '0', 0, 0, 0, 0, 0, 0),
(190, '294908759220944897', '824668508125790249', 0, '0', 0, 0, 0, 0, 0, 0),
(191, '294908759220944897', '820343178506535012', 0, '0', 0, 0, 0, 0, 0, 0),
(192, '294908759220944897', '822243809651851264', 0, '0', 0, 0, 0, 0, 0, 0),
(193, '294908759220944897', '506554775647682574', 0, '0', 0, 0, 0, 0, 0, 0),
(195, '294908759220944897', '807693076423245824', 0, '0', 0, 0, 0, 0, 0, 0),
(196, '294908759220944897', '824653780813086791', 0, '0', 0, 0, 0, 0, 0, 0),
(197, '294908759220944897', '733967110769999954', 0, '0', 0, 0, 0, 0, 0, 0),
(198, '294908759220944897', '730350799175286796', 0, '0', 0, 0, 0, 0, 0, 0),
(199, '294908759220944897', '381095111154728961', 0, '0', 0, 0, 0, 0, 0, 0),
(200, '294908759220944897', '824649402790445069', 0, '0', 0, 0, 0, 0, 0, 0),
(201, '294908759220944897', '483729356728958986', 0, '0', 0, 0, 0, 0, 0, 0),
(202, '294908759220944897', '425346592904577025', 0, '0', 0, 0, 0, 0, 0, 0),
(203, '294908759220944897', '502711131002109963', 0, '0', 0, 0, 0, 0, 0, 0),
(204, '294908759220944897', '789618505573597194', 0, '0', 0, 0, 0, 0, 0, 0),
(205, '294908759220944897', '346316131813818379', 0, '0', 0, 0, 0, 0, 0, 0),
(206, '294908759220944897', '800581362905120778', 0, '0', 0, 0, 0, 0, 0, 0),
(207, '294908759220944897', '764067643032338442', 0, '0', 0, 0, 0, 0, 0, 0),
(208, '294908759220944897', '311919561953771521', 0, '0', 0, 0, 0, 0, 0, 0),
(209, '294908759220944897', '780347148755664937', 0, '0', 0, 0, 0, 0, 0, 0),
(210, '294908759220944897', '827290380641894470', 0, '0', 0, 0, 0, 0, 0, 0),
(212, '294908759220944897', '824643926254288957', 0, '0', 0, 0, 0, 0, 0, 0),
(213, '294908759220944897', '626491177570664458', 0, '0', 0, 0, 0, 0, 0, 0),
(214, '294908759220944897', '824655551849562154', 0, '0', 0, 0, 0, 0, 0, 0),
(215, '294908759220944897', '758747226486341683', 0, '0', 0, 0, 0, 0, 0, 0),
(216, '294908759220944897', '218808258205450240', 0, '0', 0, 0, 0, 0, 0, 0),
(217, '294908759220944897', '250365647979020288', 0, '0', 0, 0, 0, 0, 0, 0),
(218, '294908759220944897', '782680826617004053', 0, '0', 0, 0, 0, 0, 0, 0),
(219, '294908759220944897', '792892289751318559', 0, '0', 0, 0, 0, 0, 0, 0),
(220, '294908759220944897', '614367701283897354', 0, '0', 0, 0, 0, 0, 0, 0),
(221, '294908759220944897', '762734565843402782', 0, '0', 0, 0, 0, 0, 0, 0),
(222, '294908759220944897', '307220069572935681', 0, '0', 0, 0, 0, 0, 0, 0),
(223, '294908759220944897', '272637106197757952', 0, '0', 0, 0, 0, 0, 0, 0),
(224, '294908759220944897', '266681973538422784', 0, '0', 0, 0, 0, 0, 0, 0),
(225, '294908759220944897', '812384904385790002', 0, '0', 0, 0, 0, 0, 0, 0),
(226, '294908759220944897', '668791874588377120', 0, '0', 0, 0, 0, 0, 0, 0),
(227, '294908759220944897', '440789044419362826', 0, '0', 0, 0, 0, 0, 0, 0),
(228, '294908759220944897', '824661219184082944', 0, '0', 0, 0, 0, 0, 0, 0),
(229, '294908759220944897', '541207238560186378', 0, '0', 0, 0, 0, 0, 0, 0),
(230, '294908759220944897', '746683120056533074', 0, '0', 0, 0, 0, 0, 0, 0),
(231, '294908759220944897', '819938836490223698', 0, '0', 0, 0, 0, 0, 0, 0),
(232, '294908759220944897', '824646455200972801', 0, '0', 0, 0, 0, 0, 0, 0),
(233, '294908759220944897', '665876670414323724', 0, '0', 0, 0, 0, 0, 0, 0),
(234, '294908759220944897', '821363803232796683', 0, '0', 0, 0, 0, 0, 0, 0),
(235, '294908759220944897', '359500133831802902', 0, '0', 0, 0, 0, 0, 0, 0),
(236, '294908759220944897', '824665653905457182', 0, '0', 0, 0, 0, 0, 0, 0),
(237, '294908759220944897', '269467577388892160', 0, '0', 0, 0, 0, 0, 0, 0),
(239, '294908759220944897', '825012426574528512', 0, '0', 0, 0, 0, 0, 0, 0),
(240, '294908759220944897', '617695811387523119', 0, '0', 0, 0, 0, 0, 0, 0),
(241, '294908759220944897', '339719989869281280', 0, '0', 0, 0, 0, 0, 0, 0),
(242, '294908759220944897', '470172890885521409', 0, '0', 0, 0, 0, 0, 0, 0),
(243, '294908759220944897', '513057558957785118', 0, '0', 0, 0, 0, 0, 0, 0),
(247, '808048667008696360', '262942196284522496', 0, '0', 0, 0, 0, 0, 0, 0),
(248, '808048667008696360', '309333602129281027', 0, '0', 0, 0, 22, 14, 0, 0),
(249, '808048667008696360', '322444197896388608', 0, '0', 0, 0, 0, 0, 0, 0),
(250, '808048667008696360', '349178235210301440', 0, '0', 0, 0, 14, 0, 0, 0),
(251, '808048667008696360', '410172675047161856', 0, '0', 0, 0, 0, 0, 0, 0),
(253, '808048667008696360', '429609867850809344', 0, '0', 0, 0, 0, 0, 0, 0),
(254, '808048667008696360', '581901522795888681', 0, '0', 0, 0, 0, 0, 0, 0),
(255, '808048667008696360', '589131119589457930', 0, '0', 0, 0, 0, 0, 0, 0),
(256, '808048667008696360', '597522169488080896', 0, '0', 0, 0, 0, 0, 0, 0),
(257, '808048667008696360', '618876366611283968', 0, '0', 0, 0, 0, 0, 0, 0),
(259, '808048667008696360', '667725050715308033', 0, '0', 0, 0, 0, 0, 0, 0),
(262, '808048667008696360', '727175672266489906', 0, '0', 0, 0, 0, 0, 0, 0),
(263, '808048667008696360', '734731178610786316', 0, '0', 0, 2404, 68, 41, 0, 0),
(264, '808048667008696360', '767346096933830698', 0, '0', 0, 0, 50, 0, 0, 0),
(265, '808048667008696360', '767446517912830022', 0, '0', 0, 0, 0, 0, 0, 0),
(268, '808048667008696360', '788379868609904640', 0, '0', 0, 0, 4, 0, 0, 0),
(272, '294908759220944897', '274197510397100032', 0, '0', 0, 0, 0, 0, 0, 0),
(274, '294908759220944897', '585138602472898560', 0, '0', 0, 0, 0, 0, 0, 0),
(276, '294908759220944897', '565260795399634997', 0, '0', 0, 0, 0, 0, 0, 0),
(278, '808048667008696360', '218808258205450240', 0, '0', 0, 0, 3, 3, 0, 0);

-- --------------------------------------------------------

--
-- Table structure for table `voice_mute`
--

CREATE TABLE `voice_mute` (
  `id` int(11) NOT NULL,
  `user_id` varchar(20) NOT NULL,
  `guild_id` varchar(20) NOT NULL,
  `mute_time` bigint(255) NOT NULL,
  `mute_reason` varchar(255) NOT NULL,
  `mute_date` varchar(255) NOT NULL
) ENGINE=InnoDB DEFAULT CHARSET=utf8mb4;

--
-- Indexes for dumped tables
--

--
-- Indexes for table `defeans`
--
ALTER TABLE `defeans`
  ADD PRIMARY KEY (`id`);

--
-- Indexes for table `giveaways`
--
ALTER TABLE `giveaways`
  ADD PRIMARY KEY (`id`);

--
-- Indexes for table `guilds_settings`
--
ALTER TABLE `guilds_settings`
  ADD PRIMARY KEY (`guild_id`);

--
-- Indexes for table `guild_youtube_announces`
--
ALTER TABLE `guild_youtube_announces`
  ADD PRIMARY KEY (`id`);

--
-- Indexes for table `guild_youtube_video_links`
--
ALTER TABLE `guild_youtube_video_links`
  ADD PRIMARY KEY (`id`);

--
-- Indexes for table `invite_links`
--
ALTER TABLE `invite_links`
  ADD PRIMARY KEY (`ID`);

--
-- Indexes for table `mutes`
--
ALTER TABLE `mutes`
  ADD PRIMARY KEY (`id`);

--
-- Indexes for table `role_counter`
--
ALTER TABLE `role_counter`
  ADD PRIMARY KEY (`id`);

--
-- Indexes for table `self_roles`
--
ALTER TABLE `self_roles`
  ADD PRIMARY KEY (`id`);

--
-- Indexes for table `users`
--
ALTER TABLE `users`
  ADD PRIMARY KEY (`id`);

--
-- Indexes for table `users_data`
--
ALTER TABLE `users_data`
  ADD PRIMARY KEY (`id`);

--
-- Indexes for table `voice_mute`
--
ALTER TABLE `voice_mute`
  ADD PRIMARY KEY (`id`);

--
-- AUTO_INCREMENT for dumped tables
--

--
-- AUTO_INCREMENT for table `defeans`
--
ALTER TABLE `defeans`
  MODIFY `id` int(11) NOT NULL AUTO_INCREMENT, AUTO_INCREMENT=5;

--
-- AUTO_INCREMENT for table `giveaways`
--
ALTER TABLE `giveaways`
  MODIFY `id` int(11) NOT NULL AUTO_INCREMENT, AUTO_INCREMENT=41;

--
-- AUTO_INCREMENT for table `guild_youtube_announces`
--
ALTER TABLE `guild_youtube_announces`
  MODIFY `id` int(11) NOT NULL AUTO_INCREMENT, AUTO_INCREMENT=8;

--
-- AUTO_INCREMENT for table `guild_youtube_video_links`
--
ALTER TABLE `guild_youtube_video_links`
  MODIFY `id` int(11) NOT NULL AUTO_INCREMENT, AUTO_INCREMENT=9;

--
-- AUTO_INCREMENT for table `invite_links`
--
ALTER TABLE `invite_links`
  MODIFY `ID` int(11) NOT NULL AUTO_INCREMENT, AUTO_INCREMENT=15;

--
-- AUTO_INCREMENT for table `mutes`
--
ALTER TABLE `mutes`
  MODIFY `id` int(11) NOT NULL AUTO_INCREMENT, AUTO_INCREMENT=65;

--
-- AUTO_INCREMENT for table `role_counter`
--
ALTER TABLE `role_counter`
  MODIFY `id` int(11) NOT NULL AUTO_INCREMENT, AUTO_INCREMENT=51;

--
-- AUTO_INCREMENT for table `self_roles`
--
ALTER TABLE `self_roles`
  MODIFY `id` int(11) NOT NULL AUTO_INCREMENT;

--
-- AUTO_INCREMENT for table `users`
--
ALTER TABLE `users`
  MODIFY `id` int(11) NOT NULL AUTO_INCREMENT, AUTO_INCREMENT=225;

--
-- AUTO_INCREMENT for table `users_data`
--
ALTER TABLE `users_data`
  MODIFY `id` int(11) NOT NULL AUTO_INCREMENT, AUTO_INCREMENT=279;

--
-- AUTO_INCREMENT for table `voice_mute`
--
ALTER TABLE `voice_mute`
  MODIFY `id` int(11) NOT NULL AUTO_INCREMENT, AUTO_INCREMENT=9;
COMMIT;

/*!40101 SET CHARACTER_SET_CLIENT=@OLD_CHARACTER_SET_CLIENT */;
/*!40101 SET CHARACTER_SET_RESULTS=@OLD_CHARACTER_SET_RESULTS */;
/*!40101 SET COLLATION_CONNECTION=@OLD_COLLATION_CONNECTION */;
